CATEGORY,TEXT,LINK
Proxies,Dedicated IP vs Shared IP,https://oxylabs.io/blog/dedicated-ip-vs-shared-ip
Scrapers,Playwright Scraping Tutorial for 2023,https://oxylabs.io/blog/playwright-web-scraping
Scrapers,How to Make Web Scraping Faster – Python Tutorial,https://oxylabs.io/blog/how-to-make-web-scraping-faster
News,Scraping Experts: Bypassing Sophisticated Anti-Bot Systems,https://oxylabs.io/blog/scraping-experts-bypassing-anti-bot-systems
Proxies,How to Bypass an IP Ban: Techniques & Tips,https://oxylabs.io/blog/how-to-bypass-ip-bans
Scrapers,How to Scrape Data from Zillow: A Step-by-Step Guide,https://oxylabs.io/blog/zillow-scraping-guide
Scrapers,Web Scraping with Scrapy: Python Tutorial,https://oxylabs.io/blog/scrapy-web-scraping-tutorial
Data utilization,"What is ELT, and How Does It Differ From ETL?",https://oxylabs.io/blog/what-is-elt
Scrapers,Automate Recurring Scraping and Parsing Jobs: Scheduler Overview,https://oxylabs.io/blog/scheduler-announcement
Scrapers,How to Scrape Data from eBay: A Step-by-Step Guide,https://oxylabs.io/blog/ebay-data-scraping-guide
Scrapers,How to Scrape Google Shopping Results: A Step-by-Step Guide,https://oxylabs.io/blog/how-to-scrape-google-shopping-results
Proxies,Web Unblocker Vs Self-Managed Proxies,https://oxylabs.io/blog/web-unblocker-vs-self-managed-proxies
Scrapers,How to Scrape Best Buy Product Data: A Step-by-Step Tutorial,https://oxylabs.io/blog/how-to-scrape-best-buy-data
Scrapers,Web Crawler: Where to Start & How It Works,https://oxylabs.io/blog/how-to-use-web-crawler
News,Oxylabs’ “Project 4β” Partners with The Environmental Protection Department,https://oxylabs.io/blog/oxylabs-project4beta-partnership-aad
Scrapers,Scraping Baidu Search Results with Python: A Step-by-Step Guide,https://oxylabs.io/blog/how-to-scrape-baidu-search-results
Scrapers,Scraping Data from Etsy: A Comprehensive Guide for Data Extraction,https://oxylabs.io/blog/how-to-scrape-etsy
Scrapers,How to Scrape Google Search Results: A Step-by-Step Guide,https://oxylabs.io/blog/how-to-scrape-google-search-results
